source_script,sha256,size_bytes
BMJ_HCI_additional_QC_same_facility_v1_3_1_shortpaths.R,bf87b04e3cb589ac3ea4f1059cd5e2752dbb4753fd985e93fa5e2e3d479d7f5e,59080
QC後の修正no1.R,63c959ef38ceb2e4e67742135d07678cc6efef3541c12590e241b22138d7ce9f,661
QC後の修正no2_mesh-based resultsを再計算.R,a5d39ece42b060c0b43134a7fe14b88acd7be5a61ecd081474a073eca183a44e,2930
analyze_16km_vs_osrm_policy_crosswalk_v4_row_preserving.R,91d2e7b8c67bf5d507a0b6e168e7b6106168646b580762363bf6773b8c39c090,24207
centroids_16km_analysis.R,df1372e796262453fb3e5a976279fa3a285823ee3a3293210699acee4b32ebd8,3050
creating_centroids.R,b74a8f633ddf04e4c672f8e6487e3c64628901748e29c5f3a9a2b16e775c1bf9,5569
osrm_QC.R,ffcbd170500cdeb43f828bcf20617f36ea6886be64b62450579a316071eb4128,7076
osrm_QC_no2.R,0a5fc2cdbda2f934c30021903f60b8f69bb669caee6fb15c9e51b8bb8afc937a,2947
osrm_QC_ver3.R,fd354ed58c650344aebd55e98f98c9a470fc135bd4abda007e3c5baa64d109ff,1875
osrm_full_analysis_BMJ_HCI_15_30_45_60_v7_1_unique_spatial_centroids_qcfix.R,ce7d472511f2e41460e50f093439d9f7ff2b170451157b3835ea7d09ab7f58a1,122768
osrm_population_mesh_accessibility_analysis.R,0f3f510d5be0ce1870f742810a1a9345e6f0cb066bd9f6c96ccc7e3db9f9e9ec,42292
将来人口含むOSRMファイル.R,35987bca326e9102b17cdfe9cecd2c40360575c3a74b9fa0714968ed7d584e47,3120
